davidmanhtrinh-tech,Tue Sep 29 12:44:06 2026 +1000,Added assignment 2 reflection
davidmanhtrinh-tech,Tue Sep 29 02:20:17 2026 +1000,Monking mp4 tested
davidmanhtrinh-tech,Tue Aug 11 16:45:58 2026 +1000,Updated Index page description
davidmanhtrinh-tech,Tue Aug 11 01:49:18 2026 +1000,Update (Pre-submission)
davidmanhtrinh-tech,Sun Aug 9 23:21:50 2026 +1000,Merge branch 'main' of https://github.com/davidmanhtrinh-tech/specialisationWorkIndex
davidmanhtrinh-tech,Sun Aug 9 23:18:20 2026 +1000,Assignment 1, page rework
davidmanhtrinh-tech,Wed Jul 29 15:15:34 2026 +1000,Update assignment1.html
davidmanhtrinh-tech,Wed Jul 29 14:08:51 2026 +1000,assignment 1
davidmanhtrinh-tech,Wed Jul 29 14:07:31 2026 +1000,Assignment 1
davidmanhtrinh-tech,Sun Jul 26 21:11:44 2026 +1000,Code forked and edited!
Patrick McMahon,Thu Jul 16 11:20:02 2026 +1000,fixed assignment links
Patrick McMahon,Thu Jul 16 10:45:35 2026 +1000,change favicon and remove unnecessary sections
hase,Fri Jun 5 13:00:32 2026 +1000,moved to flex in flex
hase,Fri Jun 5 12:03:25 2026 +1000,more responsiveq
hase,Fri Jun 5 11:10:13 2026 +1000,responsiveness
hase,Fri Jun 5 09:14:59 2026 +1000,init